id,custom_label_0
56148688306550,Marcus Aurelius
56148688339318,Marcus Aurelius
56148688372086,Marcus Aurelius
56148688404854,Marcus Aurelius
56148688437622,Marcus Aurelius
56148688470390,Marcus Aurelius
56148688503158,Marcus Aurelius
56148688535926,Marcus Aurelius
56169994289526,Marcus Aurelius
56169994355062,Marcus Aurelius
56169994420598,Marcus Aurelius
56169994486134,Marcus Aurelius
56169994551670,Marcus Aurelius
56169994617206,Marcus Aurelius
56169994682742,Marcus Aurelius
56169994748278,Marcus Aurelius
56169994322294,Marcus Aurelius
56169994387830,Marcus Aurelius
56169994453366,Marcus Aurelius
56169994518902,Marcus Aurelius
56169994584438,Marcus Aurelius
56169994649974,Marcus Aurelius
56169994715510,Marcus Aurelius
56169994781046,Marcus Aurelius
56167676903798,Marcus Aurelius
56167676871030,Marcus Aurelius
56169374712182,Marcus Aurelius
56169374613878,Marcus Aurelius
56167710982518,Marcus Aurelius
56167710916982,Marcus Aurelius
56169374744950,Marcus Aurelius
56169374646646,Marcus Aurelius
56167711015286,Marcus Aurelius
56167710949750,Marcus Aurelius
56169374777718,Marcus Aurelius
56169374679414,Marcus Aurelius
56175085977974,Marcus Aurelius
56175085945206,Marcus Aurelius
56175101247862,Marcus Aurelius
56175101182326,Marcus Aurelius
56175101280630,Marcus Aurelius
56175101215094,Marcus Aurelius
56546533212534,Marcus Aurelius
56546533146998,Marcus Aurelius
56546533245302,Marcus Aurelius
56546533179766,Marcus Aurelius
56200372552054,Marcus Aurelius
56200372486518,Marcus Aurelius
56200372519286,Marcus Aurelius
56200372453750,Marcus Aurelius
56199087784310,Marcus Aurelius
56199087718774,Marcus Aurelius
56199087751542,Marcus Aurelius
56199087686006,Marcus Aurelius
56204526879094,Marcus Aurelius
56204526911862,Marcus Aurelius
56204526944630,Marcus Aurelius
56204526977398,Marcus Aurelius
56204527010166,Marcus Aurelius
56204527042934,Marcus Aurelius
56204527075702,Marcus Aurelius
56204527108470,Marcus Aurelius
56323847455094,Marcus Aurelius
56323847553398,Marcus Aurelius
56323847651702,Marcus Aurelius
56323847750006,Marcus Aurelius
56323847848310,Marcus Aurelius
56323847946614,Marcus Aurelius
56323848044918,Marcus Aurelius
56323848143222,Marcus Aurelius
56323847487862,Marcus Aurelius
56323847586166,Marcus Aurelius
56323847684470,Marcus Aurelius
56323847782774,Marcus Aurelius
56323847881078,Marcus Aurelius
56323847979382,Marcus Aurelius
56323848077686,Marcus Aurelius
56323848175990,Marcus Aurelius
56323847520630,Marcus Aurelius
56323847618934,Marcus Aurelius
56323847717238,Marcus Aurelius
56323847815542,Marcus Aurelius
56323847913846,Marcus Aurelius
56323848012150,Marcus Aurelius
56323848110454,Marcus Aurelius
56323848208758,Marcus Aurelius
56204686754166,Marcus Aurelius
56204686721398,Marcus Aurelius
56679041237366,Marcus Aurelius
56679126630774,Marcus Aurelius
56679126598006,Marcus Aurelius
56679126663542,Marcus Aurelius
56204842631542,Marcus Aurelius
56204842664310,Marcus Aurelius
56204842697078,Marcus Aurelius
56204842729846,Marcus Aurelius
56204842762614,Marcus Aurelius
56204842795382,Marcus Aurelius
56204842828150,Marcus Aurelius
56204842860918,Marcus Aurelius
56637780525430,Marcus Aurelius
56637780558198,Marcus Aurelius
56637780590966,Marcus Aurelius
56637780623734,Marcus Aurelius
56637780656502,Marcus Aurelius
56637780689270,Marcus Aurelius
56637780722038,Marcus Aurelius
56637780754806,Marcus Aurelius
56210937839990,S. de Beauvoir
56210937872758,S. de Beauvoir
56210937905526,S. de Beauvoir
56210937938294,S. de Beauvoir
56210937971062,S. de Beauvoir
56210938003830,S. de Beauvoir
56210956681590,S. de Beauvoir
56210956714358,S. de Beauvoir
56210956747126,S. de Beauvoir
56210956779894,S. de Beauvoir
56210956812662,S. de Beauvoir
56210956845430,S. de Beauvoir
56211029459318,S. de Beauvoir
56211029524854,S. de Beauvoir
56211029590390,S. de Beauvoir
56211029655926,S. de Beauvoir
56211029721462,S. de Beauvoir
56211029786998,S. de Beauvoir
56211029492086,S. de Beauvoir
56211029557622,S. de Beauvoir
56211029623158,S. de Beauvoir
56211029688694,S. de Beauvoir
56211029754230,S. de Beauvoir
56211029819766,S. de Beauvoir
56229828329846,S. de Beauvoir
56229828362614,S. de Beauvoir
56229828395382,S. de Beauvoir
56229828428150,S. de Beauvoir
56229828460918,S. de Beauvoir
56234637984118,S. de Beauvoir
56234638016886,S. de Beauvoir
56234638049654,S. de Beauvoir
56234638082422,S. de Beauvoir
56234638115190,S. de Beauvoir
56234638147958,S. de Beauvoir
56234820731254,S. de Beauvoir
56234820764022,S. de Beauvoir
56234820796790,S. de Beauvoir
56234820829558,S. de Beauvoir
56234820862326,S. de Beauvoir
56235086971254,S. de Beauvoir
56235087004022,S. de Beauvoir
56235087036790,S. de Beauvoir
56235087069558,S. de Beauvoir
56235087102326,S. de Beauvoir
56235087135094,S. de Beauvoir
56235087167862,S. de Beauvoir
56235087200630,S. de Beauvoir
56235087233398,S. de Beauvoir
56235087266166,S. de Beauvoir
56235087298934,S. de Beauvoir
56257679294838,S. de Beauvoir
56257679327606,S. de Beauvoir
56257679360374,S. de Beauvoir
56257679393142,S. de Beauvoir
56257679425910,S. de Beauvoir
56278382379382,Marcus Aurelius
56278352003446,Marcus Aurelius
56278382346614,Marcus Aurelius
56278351970678,Marcus Aurelius
56341127856502,Marcus Aurelius
56341127823734,Marcus Aurelius
56341127790966,Marcus Aurelius
56341127758198,Marcus Aurelius
56279036756342,Marcus Aurelius
56279024042358,Marcus Aurelius
56279036723574,Marcus Aurelius
56279024009590,Marcus Aurelius
56313093849462,Marcus Aurelius
56313093751158,Marcus Aurelius
56313093652854,Marcus Aurelius
56313093554550,Marcus Aurelius
56313093882230,Marcus Aurelius
56313093783926,Marcus Aurelius
56313093685622,Marcus Aurelius
56313093587318,Marcus Aurelius
56313093914998,Marcus Aurelius
56313093816694,Marcus Aurelius
56313093718390,Marcus Aurelius
56313093620086,Marcus Aurelius
56334929756534,Marcus Aurelius
56334929789302,Marcus Aurelius
56334929822070,Marcus Aurelius
56334929854838,Marcus Aurelius
56334929887606,Marcus Aurelius
56334929920374,Marcus Aurelius
56334929953142,Marcus Aurelius
56334929985910,Marcus Aurelius
56334942437750,Marcus Aurelius
56334942536054,Marcus Aurelius
56334942634358,Marcus Aurelius
56334942732662,Marcus Aurelius
56334942830966,Marcus Aurelius
56334942929270,Marcus Aurelius
56334943027574,Marcus Aurelius
56334943125878,Marcus Aurelius
56334942470518,Marcus Aurelius
56334942568822,Marcus Aurelius
56334942667126,Marcus Aurelius
56334942765430,Marcus Aurelius
56334942863734,Marcus Aurelius
56334942962038,Marcus Aurelius
56334943060342,Marcus Aurelius
56334943158646,Marcus Aurelius
56334942503286,Marcus Aurelius
56334942601590,Marcus Aurelius
56334942699894,Marcus Aurelius
56334942798198,Marcus Aurelius
56334942896502,Marcus Aurelius
56334942994806,Marcus Aurelius
56334943093110,Marcus Aurelius
56334943191414,Marcus Aurelius
56345970246006,Marcus Aurelius
56345970311542,Marcus Aurelius
56345970377078,Marcus Aurelius
56345970442614,Marcus Aurelius
56345970508150,Marcus Aurelius
56345970573686,Marcus Aurelius
56345970639222,Marcus Aurelius
56345970704758,Marcus Aurelius
56344883822966,Marcus Aurelius
56344883855734,Marcus Aurelius
56344883888502,Marcus Aurelius
56344883921270,Marcus Aurelius
56344883954038,Marcus Aurelius
56344883986806,Marcus Aurelius
56344884019574,Marcus Aurelius
56344884052342,Marcus Aurelius
56345970278774,Marcus Aurelius
56345970344310,Marcus Aurelius
56345970409846,Marcus Aurelius
56345970475382,Marcus Aurelius
56345970540918,Marcus Aurelius
56345970606454,Marcus Aurelius
56345970671990,Marcus Aurelius
56345970737526,Marcus Aurelius
56344884085110,Marcus Aurelius
56344884117878,Marcus Aurelius
56344884150646,Marcus Aurelius
56344884183414,Marcus Aurelius
56344884216182,Marcus Aurelius
56344884248950,Marcus Aurelius
56344884281718,Marcus Aurelius
56344884314486,Marcus Aurelius
56348033483126,Marcus Aurelius
56348033515894,Marcus Aurelius
56348033548662,Marcus Aurelius
56348033581430,Marcus Aurelius
56348033614198,Marcus Aurelius
56348038398326,Marcus Aurelius
56348038463862,Marcus Aurelius
56348038529398,Marcus Aurelius
56348038594934,Marcus Aurelius
56348038660470,Marcus Aurelius
56348033646966,Marcus Aurelius
56348033679734,Marcus Aurelius
56348033712502,Marcus Aurelius
56348033745270,Marcus Aurelius
56348033778038,Marcus Aurelius
56348038431094,Marcus Aurelius
56348038496630,Marcus Aurelius
56348038562166,Marcus Aurelius
56348038627702,Marcus Aurelius
56348038693238,Marcus Aurelius
56350406377846,Marcus Aurelius
56350406410614,Marcus Aurelius
56350406443382,Marcus Aurelius
56350406476150,Marcus Aurelius
56350406508918,Marcus Aurelius
56350411293046,Marcus Aurelius
56350411325814,Marcus Aurelius
56350411358582,Marcus Aurelius
56350411391350,Marcus Aurelius
56350411424118,Marcus Aurelius
56367213805942,Marcus Aurelius
56367213904246,Marcus Aurelius
56367214002550,Marcus Aurelius
56367214100854,Marcus Aurelius
56367214199158,Marcus Aurelius
56367214297462,Marcus Aurelius
56367214395766,Marcus Aurelius
56367214494070,Marcus Aurelius
56713962586486,Marcus Aurelius
56713962619254,Marcus Aurelius
56713962652022,Marcus Aurelius
56713962684790,Marcus Aurelius
56713962717558,Marcus Aurelius
56713962750326,Marcus Aurelius
56713962783094,Marcus Aurelius
56713962815862,Marcus Aurelius
56364960186742,Marcus Aurelius
56364960219510,Marcus Aurelius
56364960252278,Marcus Aurelius
56364960285046,Marcus Aurelius
56364960317814,Marcus Aurelius
56364960350582,Marcus Aurelius
56364960383350,Marcus Aurelius
56364960416118,Marcus Aurelius
56374133621110,Marcus Aurelius
56374133653878,Marcus Aurelius
56374133686646,Marcus Aurelius
56374133719414,Marcus Aurelius
56374133752182,Marcus Aurelius
56719129280886,Marcus Aurelius
56719129313654,Marcus Aurelius
56719129346422,Marcus Aurelius
56719129379190,Marcus Aurelius
56719129411958,Marcus Aurelius
56374202728822,Marcus Aurelius
56374202794358,Marcus Aurelius
56374202859894,Marcus Aurelius
56374202925430,Marcus Aurelius
56374202990966,Marcus Aurelius
56375201202550,Marcus Aurelius
56375201235318,Marcus Aurelius
56375201268086,Marcus Aurelius
56375201300854,Marcus Aurelius
56375201333622,Marcus Aurelius
56716865110390,Marcus Aurelius
56716865143158,Marcus Aurelius
56716865175926,Marcus Aurelius
56716865208694,Marcus Aurelius
56716865241462,Marcus Aurelius
56375209623926,Marcus Aurelius
56375209689462,Marcus Aurelius
56375209754998,Marcus Aurelius
56375209820534,Marcus Aurelius
56375209886070,Marcus Aurelius
56375482909046,Marcus Aurelius
56375482941814,Marcus Aurelius
56375482974582,Marcus Aurelius
56375483007350,Marcus Aurelius
56375483040118,Marcus Aurelius
56375489003894,Marcus Aurelius
56375489102198,Marcus Aurelius
56375489200502,Marcus Aurelius
56375489298806,Marcus Aurelius
56375489397110,Marcus Aurelius
56375488971126,Marcus Aurelius
56375489069430,Marcus Aurelius
56375489167734,Marcus Aurelius
56375489266038,Marcus Aurelius
56375489364342,Marcus Aurelius
56375489036662,Marcus Aurelius
56375489134966,Marcus Aurelius
56375489233270,Marcus Aurelius
56375489331574,Marcus Aurelius
56375489429878,Marcus Aurelius
56375803085174,Marcus Aurelius
56375814127990,Marcus Aurelius
56381030498678,Marcus Aurelius
56381030596982,Marcus Aurelius
56381030695286,Marcus Aurelius
56381030793590,Marcus Aurelius
56381030891894,Marcus Aurelius
56381030531446,Marcus Aurelius
56381030629750,Marcus Aurelius
56381030728054,Marcus Aurelius
56381030826358,Marcus Aurelius
56381030924662,Marcus Aurelius
56381030564214,Marcus Aurelius
56381030662518,Marcus Aurelius
56381030760822,Marcus Aurelius
56381030859126,Marcus Aurelius
56381030957430,Marcus Aurelius
56381015556470,Marcus Aurelius
56381015589238,Marcus Aurelius
56381015622006,Marcus Aurelius
56381015654774,Marcus Aurelius
56381015687542,Marcus Aurelius
56381308010870,Marcus Aurelius
56381308043638,Marcus Aurelius
56381308076406,Marcus Aurelius
56381308109174,Marcus Aurelius
56381308141942,Marcus Aurelius
56381313155446,Marcus Aurelius
56381313188214,Marcus Aurelius
56381313220982,Marcus Aurelius
56381313253750,Marcus Aurelius
56381313286518,Marcus Aurelius
56387428352374,Marcus Aurelius
56387428385142,Marcus Aurelius
56387428417910,Marcus Aurelius
56387428450678,Marcus Aurelius
56387428483446,Marcus Aurelius
56387435135350,Marcus Aurelius
56387435233654,Marcus Aurelius
56387435331958,Marcus Aurelius
56387435430262,Marcus Aurelius
56387435528566,Marcus Aurelius
56387435069814,Marcus Aurelius
56387435168118,Marcus Aurelius
56387435266422,Marcus Aurelius
56387435364726,Marcus Aurelius
56387435463030,Marcus Aurelius
56387435102582,Marcus Aurelius
56387435200886,Marcus Aurelius
56387435299190,Marcus Aurelius
56387435397494,Marcus Aurelius
56387435495798,Marcus Aurelius
56451204088182,S. de Beauvoir
56451204120950,S. de Beauvoir
56451204153718,S. de Beauvoir
56451204186486,S. de Beauvoir
56451204219254,S. de Beauvoir
56451234627958,S. de Beauvoir
56451234726262,S. de Beauvoir
56451234824566,S. de Beauvoir
56451234922870,S. de Beauvoir
56451235021174,S. de Beauvoir
56451234595190,S. de Beauvoir
56451234693494,S. de Beauvoir
56451234791798,S. de Beauvoir
56451234890102,S. de Beauvoir
56451234988406,S. de Beauvoir
56451234660726,S. de Beauvoir
56451234759030,S. de Beauvoir
56451234857334,S. de Beauvoir
56451234955638,S. de Beauvoir
56451235053942,S. de Beauvoir
56451693314422,S. de Beauvoir
56451693412726,S. de Beauvoir
56451693511030,S. de Beauvoir
56451693609334,S. de Beauvoir
56451693707638,S. de Beauvoir
56451693248886,S. de Beauvoir
56451693347190,S. de Beauvoir
56451693445494,S. de Beauvoir
56451693543798,S. de Beauvoir
56451693642102,S. de Beauvoir
56451693281654,S. de Beauvoir
56451693379958,S. de Beauvoir
56451693478262,S. de Beauvoir
56451693576566,S. de Beauvoir
56451693674870,S. de Beauvoir
56451678634358,S. de Beauvoir
56451678667126,S. de Beauvoir
56451678699894,S. de Beauvoir
56451678732662,S. de Beauvoir
56451678765430,S. de Beauvoir
56461409780086,S. de Beauvoir
56461409812854,S. de Beauvoir
56461508870518,S. de Beauvoir
56461508968822,S. de Beauvoir
56471089578358,S. de Beauvoir
56471089545590,S. de Beauvoir
56471089643894,S. de Beauvoir
56471089611126,S. de Beauvoir
56471089447286,S. de Beauvoir
56471089414518,S. de Beauvoir
56471089512822,S. de Beauvoir
56471089480054,S. de Beauvoir
56471262560630,S. de Beauvoir
56471262593398,S. de Beauvoir
56471262757238,S. de Beauvoir
56471262790006,S. de Beauvoir
56471392387446,S. de Beauvoir
56471392420214,S. de Beauvoir
56471392452982,S. de Beauvoir
56471392485750,S. de Beauvoir
56471392518518,S. de Beauvoir
56471392551286,S. de Beauvoir
56471403594102,S. de Beauvoir
56471403626870,S. de Beauvoir
56471403659638,S. de Beauvoir
56471403692406,S. de Beauvoir
56471403725174,S. de Beauvoir
56471403757942,S. de Beauvoir
56730849673590,S. de Beauvoir
56730849706358,S. de Beauvoir
56730849739126,S. de Beauvoir
56730849771894,S. de Beauvoir
56730849804662,S. de Beauvoir
56730849837430,S. de Beauvoir
56730849870198,S. de Beauvoir
56730849902966,S. de Beauvoir
56730849935734,S. de Beauvoir
56730849968502,S. de Beauvoir
56730850001270,S. de Beauvoir
56730850034038,S. de Beauvoir
56471455465846,S. de Beauvoir
56471455498614,S. de Beauvoir
56471455531382,S. de Beauvoir
56471455564150,S. de Beauvoir
56471455596918,S. de Beauvoir
56471467491702,S. de Beauvoir
56471467524470,S. de Beauvoir
56471467557238,S. de Beauvoir
56471467590006,S. de Beauvoir
56471467622774,S. de Beauvoir
56731134853494,S. de Beauvoir
56731134886262,S. de Beauvoir
56731134919030,S. de Beauvoir
56731134951798,S. de Beauvoir
56731134984566,S. de Beauvoir
56731135017334,S. de Beauvoir
56731135050102,S. de Beauvoir
56731135082870,S. de Beauvoir
56731135115638,S. de Beauvoir
56731135148406,S. de Beauvoir
56471682613622,S. de Beauvoir
56471682646390,S. de Beauvoir
56471682679158,S. de Beauvoir
56471682711926,S. de Beauvoir
56471682744694,S. de Beauvoir
56471685923190,S. de Beauvoir
56471685955958,S. de Beauvoir
56471685988726,S. de Beauvoir
56471686021494,S. de Beauvoir
56471686054262,S. de Beauvoir
56733012787574,S. de Beauvoir
56733012820342,S. de Beauvoir
56733012853110,S. de Beauvoir
56733012885878,S. de Beauvoir
56733012918646,S. de Beauvoir
56733012951414,S. de Beauvoir
56733012984182,S. de Beauvoir
56733013016950,S. de Beauvoir
56733013049718,S. de Beauvoir
56733013082486,S. de Beauvoir
56475990983030,S. de Beauvoir
56475990884726,S. de Beauvoir
56475977187702,S. de Beauvoir
56475977154934,S. de Beauvoir
56475991048566,S. de Beauvoir
56475990950262,S. de Beauvoir
56475991015798,S. de Beauvoir
56475990917494,S. de Beauvoir
56476638970230,S. de Beauvoir
56476639002998,S. de Beauvoir
56476719317366,S. de Beauvoir
56476719350134,S. de Beauvoir
56476974809462,S. de Beauvoir
56476974842230,S. de Beauvoir
56476974874998,S. de Beauvoir
56476974907766,S. de Beauvoir
56476974940534,S. de Beauvoir
56476974973302,S. de Beauvoir
56476975006070,S. de Beauvoir
56476975038838,S. de Beauvoir
56476975071606,S. de Beauvoir
56476975104374,S. de Beauvoir
56476975137142,S. de Beauvoir
56476975169910,S. de Beauvoir
56476967829878,S. de Beauvoir
56476967862646,S. de Beauvoir
56476967895414,S. de Beauvoir
56476967928182,S. de Beauvoir
56476967960950,S. de Beauvoir
56476967993718,S. de Beauvoir
56476968026486,S. de Beauvoir
56476968059254,S. de Beauvoir
56476968092022,S. de Beauvoir
56476968124790,S. de Beauvoir
56476968157558,S. de Beauvoir
56476968190326,S. de Beauvoir
56724129743222,S. de Beauvoir
56724129775990,S. de Beauvoir
56724129808758,S. de Beauvoir
56724129841526,S. de Beauvoir
56724129874294,S. de Beauvoir
56724129907062,S. de Beauvoir
56724129939830,S. de Beauvoir
56724129972598,S. de Beauvoir
56724130005366,S. de Beauvoir
56724130038134,S. de Beauvoir
56724130070902,S. de Beauvoir
56724130103670,S. de Beauvoir
56477526851958,S. de Beauvoir
56477526884726,S. de Beauvoir
56477526917494,S. de Beauvoir
56477526950262,S. de Beauvoir
56477526983030,S. de Beauvoir
56477527015798,S. de Beauvoir
56477527048566,S. de Beauvoir
56477527081334,S. de Beauvoir
56477527114102,S. de Beauvoir
56477527146870,S. de Beauvoir
56477532586358,S. de Beauvoir
56477532619126,S. de Beauvoir
56477532651894,S. de Beauvoir
56477532684662,S. de Beauvoir
56477532717430,S. de Beauvoir
56477532750198,S. de Beauvoir
56477532782966,S. de Beauvoir
56477532815734,S. de Beauvoir
56477532848502,S. de Beauvoir
56477532881270,S. de Beauvoir
56727866179958,S. de Beauvoir
56727866212726,S. de Beauvoir
56727866245494,S. de Beauvoir
56727866278262,S. de Beauvoir
56727866311030,S. de Beauvoir
56727866016118,S. de Beauvoir
56727866048886,S. de Beauvoir
56727866081654,S. de Beauvoir
56727866114422,S. de Beauvoir
56727866147190,S. de Beauvoir
56497306304886,S. de Beauvoir
56497306337654,S. de Beauvoir
56497306370422,S. de Beauvoir
56497306403190,S. de Beauvoir
56497306435958,S. de Beauvoir
56497306468726,S. de Beauvoir
56497306501494,S. de Beauvoir
56497306534262,S. de Beauvoir
56497306567030,S. de Beauvoir
56497306599798,S. de Beauvoir
56497281991030,S. de Beauvoir
56497282023798,S. de Beauvoir
56497282056566,S. de Beauvoir
56497282089334,S. de Beauvoir
56497282122102,S. de Beauvoir
56497282154870,S. de Beauvoir
56497282187638,S. de Beauvoir
56497282220406,S. de Beauvoir
56497282253174,S. de Beauvoir
56497282285942,S. de Beauvoir
56724399915382,S. de Beauvoir
56724399948150,S. de Beauvoir
56724399980918,S. de Beauvoir
56724400013686,S. de Beauvoir
56724400046454,S. de Beauvoir
56724400079222,S. de Beauvoir
56724400111990,S. de Beauvoir
56724400144758,S. de Beauvoir
56724400177526,S. de Beauvoir
56724400210294,S. de Beauvoir
56497919623542,S. de Beauvoir
56497919558006,S. de Beauvoir
56497919590774,S. de Beauvoir
56497919525238,S. de Beauvoir
56498336661878,S. de Beauvoir
56498336694646,S. de Beauvoir
56498336727414,S. de Beauvoir
56498336760182,S. de Beauvoir
56498336792950,S. de Beauvoir
56498336825718,S. de Beauvoir
56498336858486,S. de Beauvoir
56498336891254,S. de Beauvoir
56498336924022,S. de Beauvoir
56498336956790,S. de Beauvoir
56498336989558,S. de Beauvoir
56498337022326,S. de Beauvoir
56504655708534,S. de Beauvoir
56504655741302,S. de Beauvoir
56504655774070,S. de Beauvoir
56504655806838,S. de Beauvoir
56504655839606,S. de Beauvoir
56504660558198,S. de Beauvoir
56504660590966,S. de Beauvoir
56504660623734,S. de Beauvoir
56504660656502,S. de Beauvoir
56504660689270,S. de Beauvoir
56504668553590,S. de Beauvoir
56504668586358,S. de Beauvoir
56504668619126,S. de Beauvoir
56504668651894,S. de Beauvoir
56504668684662,S. de Beauvoir
56504668717430,S. de Beauvoir
56504668750198,S. de Beauvoir
56504668782966,S. de Beauvoir
56504668815734,S. de Beauvoir
56504668848502,S. de Beauvoir
56504953864566,S. de Beauvoir
56504952947062,S. de Beauvoir
56504953897334,S. de Beauvoir
56504952979830,S. de Beauvoir
56505074352502,S. de Beauvoir
56510716248438,Beethoven
56510716281206,Beethoven
56510716313974,Beethoven
56665276350838,Beethoven
56510716379510,Beethoven
56510716412278,Beethoven
56510716445046,Beethoven
56510716477814,Beethoven
56510713495926,Beethoven
56510713528694,Beethoven
56510713561462,Beethoven
56665276383606,Beethoven
56510713626998,Beethoven
56510713659766,Beethoven
56510713692534,Beethoven
56510713725302,Beethoven
56510761632118,Beethoven
56510761664886,Beethoven
56510761697654,Beethoven
56510761730422,Beethoven
56510761763190,Beethoven
56510761795958,Beethoven
56510761828726,Beethoven
56510761861494,Beethoven
56510758584694,Beethoven
56510758617462,Beethoven
56510758650230,Beethoven
56510758682998,Beethoven
56510758715766,Beethoven
56510758748534,Beethoven
56510758781302,Beethoven
56510758814070,Beethoven
56511407030646,Beethoven
56511407063414,Beethoven
56511407096182,Beethoven
56511407128950,Beethoven
56511407161718,Beethoven
56511404245366,Beethoven
56511404278134,Beethoven
56511404310902,Beethoven
56511404343670,Beethoven
56511404376438,Beethoven
56511442190710,Beethoven
56511444484470,Beethoven
56511442125174,Beethoven
56511444451702,Beethoven
56511442157942,Beethoven
56511444418934,Beethoven
56511442092406,Beethoven
56511444386166,Beethoven
56511485280630,Beethoven
56666286129526,Beethoven
56511531581814,Beethoven
56511531614582,Beethoven
56511531647350,Beethoven
56511531680118,Beethoven
56511531712886,Beethoven
56511531745654,Beethoven
56511531778422,Beethoven
56511531811190,Beethoven
56511530140022,Beethoven
56511530172790,Beethoven
56511530205558,Beethoven
56511530238326,Beethoven
56511530271094,Beethoven
56511530303862,Beethoven
56511530336630,Beethoven
56511530369398,Beethoven
56515856138614,S. de Beauvoir
56515856171382,S. de Beauvoir
56515856335222,S. de Beauvoir
56515856367990,S. de Beauvoir
56516011032950,Beethoven
56516011065718,Beethoven
56516010967414,Beethoven
56516011000182,Beethoven
56515996516726,Beethoven
56515997139318,Beethoven
56515996483958,Beethoven
56515997106550,Beethoven
56520084128118,Beethoven
56547401531766,Beethoven
56520141635958,Roberto Benigni
56520141668726,Roberto Benigni
56520141701494,Roberto Benigni
56520141734262,Roberto Benigni
56520141767030,Roberto Benigni
56520141799798,Roberto Benigni
56520141832566,Roberto Benigni
56520141865334,Roberto Benigni
56520159723894,Roberto Benigni
56520159756662,Roberto Benigni
56520159789430,Roberto Benigni
56520159822198,Roberto Benigni
56520159854966,Roberto Benigni
56520159887734,Roberto Benigni
56520159920502,Roberto Benigni
56520159953270,Roberto Benigni
56520285815158,Roberto Benigni
56520285847926,Roberto Benigni
56520285880694,Roberto Benigni
56520285913462,Roberto Benigni
56520285946230,Roberto Benigni
56520285978998,Roberto Benigni
56520286011766,Roberto Benigni
56520286044534,Roberto Benigni
56520328544630,Roberto Benigni
56520328577398,Roberto Benigni
56520328610166,Roberto Benigni
56520328642934,Roberto Benigni
56520328675702,Roberto Benigni
56520328708470,Roberto Benigni
56520328741238,Roberto Benigni
56520328774006,Roberto Benigni
56520360952182,Roberto Benigni
56520360984950,Roberto Benigni
56520361017718,Roberto Benigni
56520361050486,Roberto Benigni
56520361083254,Roberto Benigni
56520376418678,Roberto Benigni
56520376451446,Roberto Benigni
56520376484214,Roberto Benigni
56520376516982,Roberto Benigni
56520376549750,Roberto Benigni
56534533865846,Roberto Benigni
56534533898614,Roberto Benigni
56534533931382,Roberto Benigni
56534533964150,Roberto Benigni
56534533996918,Roberto Benigni
56534528557430,Roberto Benigni
56534528590198,Roberto Benigni
56534528622966,Roberto Benigni
56534528655734,Roberto Benigni
56534528688502,Roberto Benigni
56534661202294,Roberto Benigni
56534667133302,Roberto Benigni
56534661169526,Roberto Benigni
56534667100534,Roberto Benigni
56534760849782,Julius Caesar
56534760882550,Julius Caesar
56534760915318,Julius Caesar
56534760948086,Julius Caesar
56534760980854,Julius Caesar
56534761013622,Julius Caesar
56534761046390,Julius Caesar
56534761079158,Julius Caesar
56534771630454,Julius Caesar
56534771663222,Julius Caesar
56534771695990,Julius Caesar
56534771728758,Julius Caesar
56534771761526,Julius Caesar
56534771794294,Julius Caesar
56534771827062,Julius Caesar
56534771859830,Julius Caesar
56534916694390,Julius Caesar
56534916727158,Julius Caesar
56534916759926,Julius Caesar
56534916792694,Julius Caesar
56534916825462,Julius Caesar
56534916858230,Julius Caesar
56534916890998,Julius Caesar
56534916923766,Julius Caesar
56534925508982,Julius Caesar
56534925541750,Julius Caesar
56534925574518,Julius Caesar
56534925607286,Julius Caesar
56534925640054,Julius Caesar
56534925672822,Julius Caesar
56534925705590,Julius Caesar
56534925738358,Julius Caesar
56535087645046,Marcus Aurelius
56535087677814,Marcus Aurelius
56535087710582,Marcus Aurelius
56535087743350,Marcus Aurelius
56535218520438,Julius Caesar
56535223468406,Julius Caesar
56535218487670,Julius Caesar
56535223370102,Julius Caesar
56535223501174,Julius Caesar
56535223533942,Julius Caesar
56535223402870,Julius Caesar
56535223435638,Julius Caesar
56535415390582,Julius Caesar
56535415423350,Julius Caesar
56535415456118,Julius Caesar
56535415488886,Julius Caesar
56535415521654,Julius Caesar
56535419847030,Julius Caesar
56535419879798,Julius Caesar
56535419912566,Julius Caesar
56535419945334,Julius Caesar
56535419978102,Julius Caesar
56539649343862,Marcus Aurelius
56539649442166,Marcus Aurelius
56541212574070,Buddha
56541212606838,Buddha
56541212639606,Buddha
56541212672374,Buddha
56541212705142,Buddha
56541212737910,Buddha
56541212770678,Buddha
56541212803446,Buddha
56541212311926,Buddha
56541212344694,Buddha
56541212377462,Buddha
56541212410230,Buddha
56541212442998,Buddha
56541212475766,Buddha
56541212508534,Buddha
56541212541302,Buddha
56541203169654,Buddha
56541203202422,Buddha
56541203235190,Buddha
56541203267958,Buddha
56541203300726,Buddha
56541203333494,Buddha
56541203366262,Buddha
56541203399030,Buddha
56618420109686,Buddha
56618420142454,Buddha
56618420175222,Buddha
56618420207990,Buddha
56618420240758,Buddha
56618420273526,Buddha
56618420306294,Buddha
56618420339062,Buddha
56553075835254,Buddha
56553075868022,Buddha
56553147629942,Buddha
56553147597174,Buddha
56553147564406,Buddha
56553147531638,Buddha
56553147498870,Buddha
56553145434486,Buddha
56553147466102,Buddha
56553145401718,Buddha
56554917527926,Buddha
56554917560694,Buddha
56554917593462,Buddha
56554917626230,Buddha
56554917658998,Buddha
56554917691766,Buddha
56554917921142,Buddha
56554917953910,Buddha
56554917986678,Buddha
56554918019446,Buddha
56554918052214,Buddha
56554918084982,Buddha
56554918314358,Buddha
56554918347126,Buddha
56554918379894,Buddha
56554918412662,Buddha
56554918445430,Buddha
56554918478198,Buddha
56554835018102,Buddha
56554835050870,Buddha
56554835083638,Buddha
56554835116406,Buddha
56554835149174,Buddha
56554835181942,Buddha
56554917724534,Buddha
56554917757302,Buddha
56554917790070,Buddha
56554917822838,Buddha
56554917855606,Buddha
56554917888374,Buddha
56554918117750,Buddha
56554918150518,Buddha
56554918183286,Buddha
56554918216054,Buddha
56554918248822,Buddha
56554918281590,Buddha
56557309034870,Buddha
56557309067638,Buddha
56557309100406,Buddha
56557309133174,Buddha
56557309165942,Buddha
56557309198710,Buddha
56557309231478,Buddha
56557309264246,Buddha
56557309559158,Buddha
56557309591926,Buddha
56557309624694,Buddha
56557309657462,Buddha
56557309690230,Buddha
56557309722998,Buddha
56557309755766,Buddha
56557309788534,Buddha
56557310083446,Buddha
56557310116214,Buddha
56557310148982,Buddha
56557310181750,Buddha
56557310214518,Buddha
56557310247286,Buddha
56557310280054,Buddha
56557310312822,Buddha
56556896289142,Buddha
56556896321910,Buddha
56556896354678,Buddha
56556896387446,Buddha
56556896420214,Buddha
56556896452982,Buddha
56556896485750,Buddha
56556896518518,Buddha
56557309297014,Buddha
56557309329782,Buddha
56557309362550,Buddha
56557309395318,Buddha
56557309428086,Buddha
56557309460854,Buddha
56557309493622,Buddha
56557309526390,Buddha
56557309821302,Buddha
56557309854070,Buddha
56557309886838,Buddha
56557309919606,Buddha
56557309952374,Buddha
56557309985142,Buddha
56557310017910,Buddha
56557310050678,Buddha
56565646655862,Buddha
56565646688630,Buddha
56565646721398,Buddha
56565646754166,Buddha
56565646786934,Buddha
56565646983542,Buddha
56565647016310,Buddha
56565647049078,Buddha
56565647081846,Buddha
56565647114614,Buddha
56565647311222,Buddha
56565647343990,Buddha
56565647376758,Buddha
56565647409526,Buddha
56565647442294,Buddha
56565642101110,Buddha
56565642133878,Buddha
56565642166646,Buddha
56565642199414,Buddha
56565642232182,Buddha
56565646819702,Buddha
56565646852470,Buddha
56565646885238,Buddha
56565646918006,Buddha
56565646950774,Buddha
56565647147382,Buddha
56565647180150,Buddha
56565647212918,Buddha
56565647245686,Buddha
56565647278454,Buddha
56565846704502,Buddha
56565846737270,Buddha
56565846770038,Buddha
56565846802806,Buddha
56565846835574,Buddha
56565835825526,Buddha
56565835858294,Buddha
56565835891062,Buddha
56565835923830,Buddha
56565835956598,Buddha
56565846376822,Buddha
56565846409590,Buddha
56565846442358,Buddha
56565846475126,Buddha
56565846507894,Buddha
56565846868342,Buddha
56565846901110,Buddha
56565846933878,Buddha
56565846966646,Buddha
56565846999414,Buddha
56565846212982,Buddha
56565846245750,Buddha
56565846278518,Buddha
56565846311286,Buddha
56565846344054,Buddha
56565846540662,Buddha
56565846573430,Buddha
56565846606198,Buddha
56565846638966,Buddha
56565846671734,Buddha
56583239860598,Marcus Aurelius
56583239893366,Marcus Aurelius
56583239926134,Marcus Aurelius
56583239958902,Marcus Aurelius
56583239991670,Marcus Aurelius
56583240024438,Marcus Aurelius
56583240057206,Marcus Aurelius
56583240089974,Marcus Aurelius
56712622473590,Marcus Aurelius
56712622506358,Marcus Aurelius
56712622539126,Marcus Aurelius
56712622571894,Marcus Aurelius
56712622604662,Marcus Aurelius
56712622637430,Marcus Aurelius
56712622670198,Marcus Aurelius
56712622702966,Marcus Aurelius
56712764981622,Marcus Aurelius
56712765014390,Marcus Aurelius
56712765047158,Marcus Aurelius
56712765079926,Marcus Aurelius
56712765112694,Marcus Aurelius
56712765145462,Marcus Aurelius
56712765178230,Marcus Aurelius
56712765210998,Marcus Aurelius
56591790571894,Marcus Aurelius
56591790604662,Marcus Aurelius
56591790637430,Marcus Aurelius
56591790670198,Marcus Aurelius
56591790702966,Marcus Aurelius
56591790735734,Marcus Aurelius
56591790768502,Marcus Aurelius
56591790801270,Marcus Aurelius
56591798239606,Marcus Aurelius
56591798272374,Marcus Aurelius
56591798305142,Marcus Aurelius
56591798337910,Marcus Aurelius
56591798370678,Marcus Aurelius
56591798403446,Marcus Aurelius
56591798436214,Marcus Aurelius
56591798468982,Marcus Aurelius
56591798501750,Marcus Aurelius
56591798534518,Marcus Aurelius
56591798567286,Marcus Aurelius
56591798600054,Marcus Aurelius
56591798632822,Marcus Aurelius
56591798665590,Marcus Aurelius
56591798698358,Marcus Aurelius
56591798731126,Marcus Aurelius
56591985901942,Marcus Aurelius
56591985934710,Marcus Aurelius
56591985967478,Marcus Aurelius
56591986000246,Marcus Aurelius
56591986033014,Marcus Aurelius
56591988326774,Marcus Aurelius
56591988359542,Marcus Aurelius
56591988392310,Marcus Aurelius
56591988425078,Marcus Aurelius
56591988457846,Marcus Aurelius
56591988490614,Marcus Aurelius
56591988523382,Marcus Aurelius
56591988556150,Marcus Aurelius
56591988588918,Marcus Aurelius
56591988621686,Marcus Aurelius
56592211738998,Marcus Aurelius
56592211771766,Marcus Aurelius
56592211804534,Marcus Aurelius
56592211837302,Marcus Aurelius
56592211870070,Marcus Aurelius
56592221405558,Marcus Aurelius
56592221438326,Marcus Aurelius
56592221471094,Marcus Aurelius
56592221503862,Marcus Aurelius
56592221536630,Marcus Aurelius
56592221569398,Marcus Aurelius
56592221602166,Marcus Aurelius
56592221634934,Marcus Aurelius
56592221667702,Marcus Aurelius
56592221700470,Marcus Aurelius
56601163497846,Marcus Aurelius
56601163530614,Marcus Aurelius
56601163563382,Marcus Aurelius
56601163596150,Marcus Aurelius
56601163628918,Marcus Aurelius
56601163661686,Marcus Aurelius
56601163694454,Marcus Aurelius
56601163727222,Marcus Aurelius
56601156845942,Marcus Aurelius
56601156878710,Marcus Aurelius
56601156911478,Marcus Aurelius
56601156944246,Marcus Aurelius
56601156977014,Marcus Aurelius
56601157009782,Marcus Aurelius
56601157042550,Marcus Aurelius
56601157075318,Marcus Aurelius
56601163759990,Marcus Aurelius
56601163792758,Marcus Aurelius
56601163825526,Marcus Aurelius
56601163858294,Marcus Aurelius
56601163891062,Marcus Aurelius
56601163923830,Marcus Aurelius
56601163956598,Marcus Aurelius
56601163989366,Marcus Aurelius
56601163235702,Marcus Aurelius
56601163268470,Marcus Aurelius
56601163301238,Marcus Aurelius
56601163334006,Marcus Aurelius
56601163366774,Marcus Aurelius
56601163399542,Marcus Aurelius
56601163432310,Marcus Aurelius
56601163465078,Marcus Aurelius
56614133858678,Cleopatra
56614133891446,Cleopatra
56614133924214,Cleopatra
56614133956982,Cleopatra
56614133989750,Cleopatra
56614139593078,Cleopatra
56614139658614,Cleopatra
56614139724150,Cleopatra
56614139789686,Cleopatra
56614139855222,Cleopatra
56614139625846,Cleopatra
56614139691382,Cleopatra
56614139756918,Cleopatra
56614139822454,Cleopatra
56614139887990,Cleopatra
56649233072502,Marcus Aurelius
56649233105270,Marcus Aurelius
56649233138038,Marcus Aurelius
56649233170806,Marcus Aurelius
56649233203574,Marcus Aurelius
56649233236342,Marcus Aurelius
56649233269110,Marcus Aurelius
56649233301878,Marcus Aurelius
56649263284598,Marcus Aurelius
56649263350134,Marcus Aurelius
56649263415670,Marcus Aurelius
56649263481206,Marcus Aurelius
56649263546742,Marcus Aurelius
56649263612278,Marcus Aurelius
56649263677814,Marcus Aurelius
56649263743350,Marcus Aurelius
56649651093878,S. de Beauvoir
56649651061110,S. de Beauvoir
56649651159414,S. de Beauvoir
56649651126646,S. de Beauvoir
56649651224950,S. de Beauvoir
56649651192182,S. de Beauvoir
56649651290486,S. de Beauvoir
56649651257718,S. de Beauvoir
56654241562998,Buddha
56654241595766,Buddha
56654241628534,Buddha
56657346789750,Buddha
56657346822518,Buddha
56657346855286,Buddha
56657346888054,Buddha
56657346920822,Buddha
56682468278646,Buddha
56682468311414,Buddha
56682468344182,Buddha
56682468376950,Buddha
56682468409718,Buddha
56682464543094,Buddha
56682464575862,Buddha
56682464608630,Buddha
56682464641398,Buddha
56682464674166,Buddha
56682468442486,Buddha
56682468475254,Buddha
56682468508022,Buddha
56682468540790,Buddha
56682468573558,Buddha
56657346625910,Buddha
56657346658678,Buddha
56657346691446,Buddha
56657346724214,Buddha
56657346756982,Buddha
56682468114806,Buddha
56682468147574,Buddha
56682468180342,Buddha
56682468213110,Buddha
56682468245878,Buddha
56657375297910,Buddha
56657375330678,Buddha
56657375363446,Buddha
56657375396214,Buddha
56657375428982,Buddha
56683807342966,Buddha
56683807375734,Buddha
56683807408502,Buddha
56683807441270,Buddha
56683807474038,Buddha
56657375461750,Buddha
56657375494518,Buddha
56657375527286,Buddha
56657375560054,Buddha
56657375592822,Buddha
56683807506806,Buddha
56683807539574,Buddha
56683807572342,Buddha
56683807605110,Buddha
56683807637878,Buddha
56661847507318,Buddha
56661847474550,Buddha
56661847572854,Buddha
56661847540086,Buddha
56661898559862,Buddha
56661898527094,Buddha
56661898625398,Buddha
56661898592630,Buddha
56666855113078,S. de Beauvoir
56666863010166,S. de Beauvoir
56666855080310,S. de Beauvoir
56666863042934,S. de Beauvoir
56679299154294,S. de Beauvoir
56679299187062,S. de Beauvoir
56679299219830,S. de Beauvoir
56679299252598,S. de Beauvoir
56678595592566,Buddha
56678595625334,Buddha
56678595658102,Buddha
56678595690870,Buddha
56678595723638,Buddha
56678595756406,Buddha
56678595789174,Buddha
56678595821942,Buddha
56678610403702,Buddha
56678610436470,Buddha
56678610469238,Buddha
56678610502006,Buddha
56678610534774,Buddha
56678610567542,Buddha
56678610600310,Buddha
56678610633078,Buddha
56678595330422,Buddha
56678595363190,Buddha
56678595395958,Buddha
56678595428726,Buddha
56678595461494,Buddha
56678595494262,Buddha
56678595527030,Buddha
56678595559798,Buddha
56678610141558,Buddha
56678610174326,Buddha
56678610207094,Buddha
56678610239862,Buddha
56678610272630,Buddha
56678610305398,Buddha
56678610338166,Buddha
56678610370934,Buddha
56678595854710,Buddha
56678595887478,Buddha
56678595920246,Buddha
56678595953014,Buddha
56678595985782,Buddha
56678596018550,Buddha
56678610665846,Buddha
56678610698614,Buddha
56678610731382,Buddha
56678610764150,Buddha
56678610796918,Buddha
56678610829686,Buddha
56678596051318,Buddha
56678596084086,Buddha
56678596116854,Buddha
56678596149622,Buddha
56678596182390,Buddha
56678596215158,Buddha
56678596247926,Buddha
56678596280694,Buddha
56678610862454,Buddha
56678610895222,Buddha
56678610927990,Buddha
56678610960758,Buddha
56678610993526,Buddha
56678611026294,Buddha
56678611059062,Buddha
56678611091830,Buddha
56678596313462,Buddha
56678596346230,Buddha
56678596378998,Buddha
56678596411766,Buddha
56678596444534,Buddha
56678596477302,Buddha
56678596510070,Buddha
56678596542838,Buddha
56678611124598,Buddha
56678611157366,Buddha
56678611190134,Buddha
56678611222902,Buddha
56678611255670,Buddha
56678611288438,Buddha
56678611321206,Buddha
56678611353974,Buddha
56678596575606,Buddha
56678596608374,Buddha
56678596641142,Buddha
56678596673910,Buddha
56678596706678,Buddha
56678596739446,Buddha
56678596772214,Buddha
56678596804982,Buddha
56678611386742,Buddha
56678611419510,Buddha
56678611452278,Buddha
56678611485046,Buddha
56678611517814,Buddha
56678611550582,Buddha
56678611583350,Buddha
56678611616118,Buddha
56681697935734,Buddha
56681697968502,Buddha
56681698001270,Buddha
56681698034038,Buddha
56681698066806,Buddha
56681708585334,Buddha
56681708618102,Buddha
56681708650870,Buddha
56681708683638,Buddha
56681708716406,Buddha
56681698099574,Buddha
56681698132342,Buddha
56681698165110,Buddha
56681698197878,Buddha
56681698230646,Buddha
56681698263414,Buddha
56692005831030,Buddha
56681698296182,Buddha
56692005863798,Buddha
56681698328950,Buddha
56692005896566,Buddha
56681708749174,Buddha
56681708781942,Buddha
56681708814710,Buddha
56681708847478,Buddha
56681708880246,Buddha
56681804104054,Buddha
56681804136822,Buddha
56681804169590,Buddha
56681804202358,Buddha
56681804235126,Buddha
56681804366198,Buddha
56681804398966,Buddha
56681804431734,Buddha
56681804464502,Buddha
56681804497270,Buddha
56682181165430,Buddha
56682181198198,Buddha
56682181230966,Buddha
56682181263734,Buddha
56682181296502,Buddha
56682181427574,Buddha
56682181460342,Buddha
56682181493110,Buddha
56682181525878,Buddha
56682181558646,Buddha
56681698361718,Buddha
56681698394486,Buddha
56681698427254,Buddha
56681698460022,Buddha
56681698492790,Buddha
56681698525558,Buddha
56681698558326,Buddha
56681698591094,Buddha
56681709011318,Buddha
56681709044086,Buddha
56681709076854,Buddha
56681709109622,Buddha
56681709142390,Buddha
56681709175158,Buddha
56681709207926,Buddha
56681709240694,Buddha
56693089501558,Beethoven
56693089534326,Beethoven
56693089567094,Beethoven
56693089599862,Beethoven
56693089632630,Beethoven
56693118108022,Beethoven
56693118140790,Beethoven
56693118173558,Beethoven
56693118206326,Beethoven
56693118239094,Beethoven
56693480882550,Oppenheimer
56693480915318,Oppenheimer
56693480948086,Oppenheimer
56693480980854,Oppenheimer
56693481013622,Oppenheimer
56693481046390,Oppenheimer
56693481079158,Oppenheimer
56693481111926,Oppenheimer
56693481144694,Oppenheimer
56693481177462,Oppenheimer
56693481210230,Oppenheimer
56693481242998,Oppenheimer
56693481275766,Oppenheimer
56693481308534,Oppenheimer
56693481341302,Oppenheimer
56693481374070,Oppenheimer
56700698722678,Oppenheimer
56700698755446,Oppenheimer
56700698788214,Oppenheimer
56700698820982,Oppenheimer
56700698853750,Oppenheimer
56700698886518,Oppenheimer
56700698919286,Oppenheimer
56700698952054,Oppenheimer
56700698984822,Oppenheimer
56700699017590,Oppenheimer
56700699050358,Oppenheimer
56700699083126,Oppenheimer
56700699115894,Oppenheimer
56700699148662,Oppenheimer
56700699181430,Oppenheimer
56700699214198,Oppenheimer
56700864856438,Oppenheimer
56700864889206,Oppenheimer
56700864921974,Oppenheimer
56700864954742,Oppenheimer
56700864987510,Oppenheimer
56700855222646,Oppenheimer
56700855255414,Oppenheimer
56700855288182,Oppenheimer
56700855320950,Oppenheimer
56700855353718,Oppenheimer
56700987474294,Oppenheimer
56700987507062,Oppenheimer
56700987539830,Oppenheimer
56700987572598,Oppenheimer
56700987605366,Oppenheimer
56700987638134,Oppenheimer
56700987670902,Oppenheimer
56700987703670,Oppenheimer
56700987736438,Oppenheimer
56700987769206,Oppenheimer
56701081420150,Oppenheimer
56701130572150,Oppenheimer
56701134438774,Oppenheimer
56701130539382,Oppenheimer
56701134340470,Oppenheimer
56701134471542,Oppenheimer
56701134504310,Oppenheimer
56701134373238,Oppenheimer
56701134406006,Oppenheimer
56701326786934,Buddha
56701326918006,Buddha
56701327049078,Buddha
56708371906934,Buddha
56708371939702,Buddha
56708371972470,Buddha
56708372005238,Buddha
56708372038006,Buddha
56708372070774,Buddha
56708396712310,Buddha
56708396745078,Buddha
56708396777846,Buddha
56708396810614,Buddha
56708396843382,Buddha
56708396876150,Buddha
56708396908918,Buddha
56708396941686,Buddha
56708396974454,Buddha
56708397007222,Buddha
56708397039990,Buddha
56708397072758,Buddha
56708954390902,Buddha
56708954423670,Buddha
56708994367862,Buddha
56708994433398,Buddha
56708994400630,Buddha
56708994466166,Buddha
56709633409398,Buddha
56709633442166,Buddha
56709633474934,Buddha
56709633507702,Buddha
56709633540470,Buddha
56709633245558,Buddha
56709633278326,Buddha
56709633311094,Buddha
56709633343862,Buddha
56709633376630,Buddha
56709538447734,Buddha
56709538480502,Buddha
56709538513270,Buddha
56709538546038,Buddha
56709538578806,Buddha
56710061621622,Buddha
56710061654390,Buddha
56710061687158,Buddha
56710061719926,Buddha
56710061752694,Buddha
56710061785462,Buddha
56710061818230,Buddha
56710061850998,Buddha
56710061883766,Buddha
56710061916534,Buddha
56710015517046,Buddha
56710015549814,Buddha
56710015582582,Buddha
56710015615350,Buddha
56710015648118,Buddha
56710404079990,Buddha
56710404112758,Buddha
56710404145526,Buddha
56710404178294,Buddha
56710404211062,Buddha
56710404243830,Buddha
56710404276598,Buddha
56710404309366,Buddha
56710404342134,Buddha
56710404374902,Buddha
56710404407670,Buddha
56710404440438,Buddha
56710386680182,Buddha
56710386712950,Buddha
56710386745718,Buddha
56710386778486,Buddha
56710386811254,Buddha
56710386844022,Buddha
56727135781238,Buddha
56727135814006,Buddha
56727135846774,Buddha
56727135879542,Buddha
56727135912310,Buddha
56727203250550,Buddha
56727203316086,Buddha
56727203381622,Buddha
56727203447158,Buddha
56727203512694,Buddha
56727203283318,Buddha
56727203348854,Buddha
56727203414390,Buddha
56727203479926,Buddha
56727203545462,Buddha
56727935746422,Buddha
56727935779190,Buddha
56727935811958,Buddha
56727935844726,Buddha
56727935877494,Buddha
56727935910262,Buddha
56727935943030,Buddha
56727935975798,Buddha
56727947149686,Buddha
56727947182454,Buddha
56727947215222,Buddha
56727947247990,Buddha
56727947280758,Buddha
56727947313526,Buddha
56727947346294,Buddha
56727947379062,Buddha
56727947411830,Buddha
56727947444598,Buddha
56727947477366,Buddha
56727947510134,Buddha
56727947542902,Buddha
56727947575670,Buddha
56727947608438,Buddha
56727947641206,Buddha
56728264016246,Buddha
56728264081782,Buddha
56728264147318,Buddha
56728264212854,Buddha
56728264278390,Buddha
56728264343926,Buddha
56728264409462,Buddha
56728264474998,Buddha
56728259789174,Buddha
56728259821942,Buddha
56728259854710,Buddha
56728259887478,Buddha
56728259920246,Buddha
56728259953014,Buddha
56728259985782,Buddha
56728260018550,Buddha
56728264049014,Buddha
56728264114550,Buddha
56728264180086,Buddha
56728264245622,Buddha
56728264311158,Buddha
56728264376694,Buddha
56728264442230,Buddha
56728264507766,Buddha
56728412848502,Judith Butler
56728412881270,Judith Butler
56728412914038,Judith Butler
56728412946806,Judith Butler
56728412979574,Judith Butler
56728413012342,Judith Butler
56756173701494,Judith Butler
56756173734262,Judith Butler
56756173767030,Judith Butler
56756173799798,Judith Butler
56756173832566,Judith Butler
56756173865334,Judith Butler
56728607326582,Judith Butler
56728607359350,Judith Butler
56728607392118,Judith Butler
56728607424886,Judith Butler
56728607457654,Judith Butler
56728607490422,Judith Butler
56728607523190,Judith Butler
56728607555958,Judith Butler
56728636752246,Judith Butler
56728636785014,Judith Butler
56728636817782,Judith Butler
56728636850550,Judith Butler
56728636883318,Judith Butler
56728636916086,Judith Butler
56728636948854,Judith Butler
56728636981622,Judith Butler
56728673485174,Judith Butler
56728673517942,Judith Butler
56728673550710,Judith Butler
56728673583478,Judith Butler
56728673616246,Judith Butler
56728715166070,Judith Butler
56728715198838,Judith Butler
56728715231606,Judith Butler
56728715264374,Judith Butler
56728715297142,Judith Butler
56728835424630,Judith Butler
56728835457398,Judith Butler
56728835490166,Judith Butler
56728835522934,Judith Butler
56728835555702,Judith Butler
56728837947766,Judith Butler
56728837980534,Judith Butler
56728838013302,Judith Butler
56728838046070,Judith Butler
56728838078838,Judith Butler
56729257902454,Judith Butler
56729271730550,Judith Butler
56729257869686,Judith Butler
56729271697782,Judith Butler
56729282773366,Judith Butler
56729282806134,Judith Butler
56729282707830,Judith Butler
56729282740598,Judith Butler
56729489998198,Judith Butler
56729490030966,Judith Butler
56729490063734,Judith Butler
56729490096502,Judith Butler
56729490129270,Judith Butler
56729490162038,Judith Butler
56729489801590,Judith Butler
56729489834358,Judith Butler
56729489867126,Judith Butler
56729489899894,Judith Butler
56729489932662,Judith Butler
56729489965430,Judith Butler
56729586434422,Judith Butler
56729586467190,Judith Butler
56729586499958,Judith Butler
56729586532726,Judith Butler
56729586565494,Judith Butler
56729586598262,Judith Butler
56729586631030,Judith Butler
56729586663798,Judith Butler
56729586172278,Judith Butler
56729586205046,Judith Butler
56729586237814,Judith Butler
56729586270582,Judith Butler
56729586303350,Judith Butler
56729586336118,Judith Butler
56729586368886,Judith Butler
56729586401654,Judith Butler
56729645547894,Judith Butler
56729645580662,Judith Butler
56729645613430,Judith Butler
56729645646198,Judith Butler
56729645678966,Judith Butler
56729645384054,Judith Butler
56729645416822,Judith Butler
56729645449590,Judith Butler
56729645482358,Judith Butler
56729645515126,Judith Butler
56732945711478,Judith Butler
56732945744246,Judith Butler
56732945777014,Judith Butler
56732945809782,Judith Butler
56732945842550,Judith Butler
56732945547638,Judith Butler
56732945580406,Judith Butler
56732945613174,Judith Butler
56732945645942,Judith Butler
56732945678710,Judith Butler
56733017833846,Julius Caesar
56733017866614,Julius Caesar
56733017899382,Julius Caesar
56733017932150,Julius Caesar
56733017964918,Julius Caesar
56733017997686,Julius Caesar
56733018030454,Julius Caesar
56733018063222,Julius Caesar
56733013967222,Julius Caesar
56733013999990,Julius Caesar
56733014032758,Julius Caesar
56733014065526,Julius Caesar
56733014098294,Julius Caesar
56733014131062,Julius Caesar
56733014163830,Julius Caesar
56733014196598,Julius Caesar
56733200908662,Julius Caesar
56733200941430,Julius Caesar
56733200974198,Julius Caesar
56733201006966,Julius Caesar
56733201039734,Julius Caesar
56733201072502,Julius Caesar
56733201105270,Julius Caesar
56733201138038,Julius Caesar
56733207167350,Julius Caesar
56733207200118,Julius Caesar
56733207232886,Julius Caesar
56733207265654,Julius Caesar
56733207298422,Julius Caesar
56733207331190,Julius Caesar
56733207363958,Julius Caesar
56733207396726,Julius Caesar
56733422977398,Julius Caesar
56733423010166,Julius Caesar
56733423042934,Julius Caesar
56733423075702,Julius Caesar
56733423108470,Julius Caesar
56733413867894,Julius Caesar
56733413900662,Julius Caesar
56733413933430,Julius Caesar
56733413966198,Julius Caesar
56733413998966,Julius Caesar
56733580722550,Julius Caesar
56733580755318,Julius Caesar
56733580788086,Julius Caesar
56733580820854,Julius Caesar
56733580853622,Julius Caesar
56733492150646,Julius Caesar
56733492183414,Julius Caesar
56733492216182,Julius Caesar
56733492248950,Julius Caesar
56733492281718,Julius Caesar
56742366216566,Julius Caesar
56742366249334,Julius Caesar
56742366282102,Julius Caesar
56742366314870,Julius Caesar
56742366347638,Julius Caesar
56742366380406,Julius Caesar
56742366413174,Julius Caesar
56742366445942,Julius Caesar
56742387843446,Julius Caesar
56742387876214,Julius Caesar
56742387908982,Julius Caesar
56742387941750,Julius Caesar
56742387974518,Julius Caesar
56742388007286,Julius Caesar
56742388040054,Julius Caesar
56742388072822,Julius Caesar
56742426149238,Julius Caesar
56742426182006,Julius Caesar
56742426214774,Julius Caesar
56742426247542,Julius Caesar
56742426280310,Julius Caesar
56742500696438,Julius Caesar
56742500729206,Julius Caesar
56742500761974,Julius Caesar
56742500794742,Julius Caesar
56742500827510,Julius Caesar
56742643302774,Julius Caesar
56742643335542,Julius Caesar
56742643237238,Julius Caesar
56742643270006,Julius Caesar
56742636323190,Julius Caesar
56742643204470,Julius Caesar
56742636290422,Julius Caesar
56742643171702,Julius Caesar
56742643433846,Julius Caesar
56742643466614,Julius Caesar
56742643368310,Julius Caesar
56742643401078,Julius Caesar
56743181091190,Albert Camus
56743181123958,Albert Camus
56743181156726,Albert Camus
56743181189494,Albert Camus
56743181222262,Albert Camus
56743181255030,Albert Camus
56743181287798,Albert Camus
56743181320566,Albert Camus
56743228539254,Albert Camus
56743228572022,Albert Camus
56743228604790,Albert Camus
56743228637558,Albert Camus
56743228670326,Albert Camus
56743228703094,Albert Camus
56743228735862,Albert Camus
56743228768630,Albert Camus
56743307346294,Albert Camus
56743307379062,Albert Camus
56743307411830,Albert Camus
56743307444598,Albert Camus
56743307477366,Albert Camus
56743360954742,Albert Camus
56743360987510,Albert Camus
56743361020278,Albert Camus
56743361053046,Albert Camus
56743361085814,Albert Camus
56743466336630,Albert Camus
56743466369398,Albert Camus
56743569293686,Albert Camus
56743581188470,Albert Camus
56743569260918,Albert Camus
56743581155702,Albert Camus
56743531250038,Albert Camus
56743581057398,Albert Camus
56743531217270,Albert Camus
56743581024630,Albert Camus
56743569228150,Albert Camus
56743581122934,Albert Camus
56743569195382,Albert Camus
56743581090166,Albert Camus
56743771242870,Albert Camus
56743771308406,Albert Camus
56743771373942,Albert Camus
56743771439478,Albert Camus
56743771505014,Albert Camus
56743771570550,Albert Camus
56743771636086,Albert Camus
56743771701622,Albert Camus
56743755448694,Albert Camus
56743755481462,Albert Camus
56743755514230,Albert Camus
56743755546998,Albert Camus
56743755579766,Albert Camus
56743755612534,Albert Camus
56743755645302,Albert Camus
56743755678070,Albert Camus
56743771767158,Albert Camus
56743771832694,Albert Camus
56743771898230,Albert Camus
56743771963766,Albert Camus
56743772029302,Albert Camus
56743772094838,Albert Camus
56743772160374,Albert Camus
56743772225910,Albert Camus
56743771275638,Albert Camus
56743771341174,Albert Camus
56743771406710,Albert Camus
56743771472246,Albert Camus
56743771537782,Albert Camus
56743771603318,Albert Camus
56743771668854,Albert Camus
56743771734390,Albert Camus
56743770980726,Albert Camus
56743771013494,Albert Camus
56743771046262,Albert Camus
56743771079030,Albert Camus
56743771111798,Albert Camus
56743771144566,Albert Camus
56743771177334,Albert Camus
56743771210102,Albert Camus
56743771799926,Albert Camus
56743771865462,Albert Camus
56743771930998,Albert Camus
56743771996534,Albert Camus
56743772062070,Albert Camus
56743772127606,Albert Camus
56743772193142,Albert Camus
56743772258678,Albert Camus
56748850086262,Albert Camus
56748850119030,Albert Camus
56748850151798,Albert Camus
56748850184566,Albert Camus
56748850217334,Albert Camus
56748850250102,Albert Camus
56748850282870,Albert Camus
56748850315638,Albert Camus
56748704596342,Albert Camus
56748704629110,Albert Camus
56748704661878,Albert Camus
56748704694646,Albert Camus
56748704727414,Albert Camus
56748704760182,Albert Camus
56748704792950,Albert Camus
56748704825718,Albert Camus
56748849824118,Albert Camus
56748849856886,Albert Camus
56748849889654,Albert Camus
56748849922422,Albert Camus
56748849955190,Albert Camus
56748849987958,Albert Camus
56748850020726,Albert Camus
56748850053494,Albert Camus
56748850610550,Albert Camus
56748850643318,Albert Camus
56748850676086,Albert Camus
56748850708854,Albert Camus
56748850741622,Albert Camus
56748850774390,Albert Camus
56748850807158,Albert Camus
56748850839926,Albert Camus
56748704858486,Albert Camus
56748704891254,Albert Camus
56748704924022,Albert Camus
56748704956790,Albert Camus
56748704989558,Albert Camus
56748705022326,Albert Camus
56748705055094,Albert Camus
56748705087862,Albert Camus
56748850348406,Albert Camus
56748850381174,Albert Camus
56748850413942,Albert Camus
56748850446710,Albert Camus
56748850479478,Albert Camus
56748850512246,Albert Camus
56748850545014,Albert Camus
56748850577782,Albert Camus
56753592107382,Buddha
56753592140150,Buddha
56753592172918,Buddha
56753592205686,Buddha
56753592238454,Buddha
56753596137846,Buddha
56753596203382,Buddha
56753596268918,Buddha
56753596334454,Buddha
56753596399990,Buddha
56753596170614,Buddha
56753596236150,Buddha
56753596301686,Buddha
56753596367222,Buddha
56753596432758,Buddha
56753839898998,Albert Camus
56753839931766,Albert Camus
56753839964534,Albert Camus
56753839997302,Albert Camus
56753840030070,Albert Camus
56753828921718,Albert Camus
56753828954486,Albert Camus
56753828987254,Albert Camus
56753829020022,Albert Camus
56753829052790,Albert Camus
56753839735158,Albert Camus
56753839767926,Albert Camus
56753839800694,Albert Camus
56753839833462,Albert Camus
56753839866230,Albert Camus
56753840226678,Albert Camus
56753840259446,Albert Camus
56753840292214,Albert Camus
56753840324982,Albert Camus
56753840357750,Albert Camus
56753829085558,Albert Camus
56753829118326,Albert Camus
56753829151094,Albert Camus
56753829183862,Albert Camus
56753829216630,Albert Camus
56753840062838,Albert Camus
56753840095606,Albert Camus
56753840128374,Albert Camus
56753840161142,Albert Camus
56753840193910,Albert Camus
56761429721462,S. de Beauvoir
56761429754230,S. de Beauvoir
56761429786998,S. de Beauvoir
56761429819766,S. de Beauvoir
56761429852534,S. de Beauvoir
56761438798198,S. de Beauvoir
56761438830966,S. de Beauvoir
56761438863734,S. de Beauvoir
56761438896502,S. de Beauvoir
56761438929270,S. de Beauvoir
56761429885302,S. de Beauvoir
56761429918070,S. de Beauvoir
56761429950838,S. de Beauvoir
56761429983606,S. de Beauvoir
56761430016374,S. de Beauvoir
56761438962038,S. de Beauvoir
56761438994806,S. de Beauvoir
56761439027574,S. de Beauvoir
56761439060342,S. de Beauvoir
56761439093110,S. de Beauvoir
56761807372662,S. de Beauvoir
56761807405430,S. de Beauvoir
56761807438198,S. de Beauvoir
56761807470966,S. de Beauvoir
56761807503734,S. de Beauvoir
56761807536502,S. de Beauvoir
56761807569270,S. de Beauvoir
56761807602038,S. de Beauvoir
56761827230070,S. de Beauvoir
56761827262838,S. de Beauvoir
56761827295606,S. de Beauvoir
56761827328374,S. de Beauvoir
56761827361142,S. de Beauvoir
56761827393910,S. de Beauvoir
56761827426678,S. de Beauvoir
56761827459446,S. de Beauvoir
56761807634806,S. de Beauvoir
56761807667574,S. de Beauvoir
56761807700342,S. de Beauvoir
56761807733110,S. de Beauvoir
56761807765878,S. de Beauvoir
56761807798646,S. de Beauvoir
56761807831414,S. de Beauvoir
56761807864182,S. de Beauvoir
56761827492214,S. de Beauvoir
56761827524982,S. de Beauvoir
56761827557750,S. de Beauvoir
56761827590518,S. de Beauvoir
56761827623286,S. de Beauvoir
56761827656054,S. de Beauvoir
56761827688822,S. de Beauvoir
56761827721590,S. de Beauvoir
56769601503606,Albert Camus
56769601536374,Albert Camus
56769601569142,Albert Camus
56769601601910,Albert Camus
56769601634678,Albert Camus
56769598587254,Albert Camus
56769598620022,Albert Camus
56769598652790,Albert Camus
56769598685558,Albert Camus
56769598718326,Albert Camus
56769601339766,Albert Camus
56769601372534,Albert Camus
56769601405302,Albert Camus
56769601438070,Albert Camus
56769601470838,Albert Camus
56769601831286,Albert Camus
56769601864054,Albert Camus
56769601896822,Albert Camus
56769601929590,Albert Camus
56769601962358,Albert Camus
56769598751094,Albert Camus
56769598783862,Albert Camus
56769598816630,Albert Camus
56769598849398,Albert Camus
56769598882166,Albert Camus
56769601667446,Albert Camus
56769601700214,Albert Camus
56769601732982,Albert Camus
56769601765750,Albert Camus
56769601798518,Albert Camus
56769680376182,Albert Camus
56769680408950,Albert Camus
56769680310646,Albert Camus
56769680343414,Albert Camus
56769676771702,Albert Camus
56769680277878,Albert Camus
56769676738934,Albert Camus
56769680245110,Albert Camus
56769680507254,Albert Camus
56769680540022,Albert Camus
56769680441718,Albert Camus
56769680474486,Albert Camus
56781364724086,Cleopatra
56781364756854,Cleopatra
56781382091126,Cleopatra
56781382156662,Cleopatra
56781382123894,Cleopatra
56781382189430,Cleopatra
56781348798838,Cleopatra
56781348766070,Cleopatra
56781382222198,Cleopatra
56781382287734,Cleopatra
56781382254966,Cleopatra
56781382320502,Cleopatra
56781348733302,Cleopatra
56781348700534,Cleopatra
56781382353270,Cleopatra
56781382418806,Cleopatra
56781382386038,Cleopatra
56781382451574,Cleopatra
56787901317494,Einstein
56787901350262,Einstein
56787901383030,Einstein
56787901415798,Einstein
56787901448566,Einstein
56787901481334,Einstein
56787901514102,Einstein
56787901546870,Einstein
56787901579638,Einstein
56787901612406,Einstein
56787901645174,Einstein
56787901677942,Einstein
56787901710710,Einstein
56787901743478,Einstein
56787901776246,Einstein
56787901809014,Einstein
56794710311286,Einstein
56794710344054,Einstein
56794710376822,Einstein
56794710409590,Einstein
56794710442358,Einstein
56794710475126,Einstein
56794710507894,Einstein
56794710540662,Einstein
56794689667446,Einstein
56794689700214,Einstein
56794689732982,Einstein
56794689765750,Einstein
56794689798518,Einstein
56794689831286,Einstein
56794689864054,Einstein
56794689896822,Einstein
56794710573430,Einstein
56794710606198,Einstein
56794710638966,Einstein
56794710671734,Einstein
56794710704502,Einstein
56794710737270,Einstein
56794710770038,Einstein
56794710802806,Einstein
56794689929590,Einstein
56794689962358,Einstein
56794689995126,Einstein
56794690027894,Einstein
56794690060662,Einstein
56794690093430,Einstein
56794690126198,Einstein
56794690158966,Einstein
56797202252150,Judas
56797202284918,Judas
56797202317686,Judas
56797202350454,Judas
56797202383222,Judas
56797202415990,Judas
56797202448758,Judas
56797202481526,Judas
56797224993142,Judas
56797225058678,Judas
56797225124214,Judas
56797225189750,Judas
56797225255286,Judas
56797225320822,Judas
56797225386358,Judas
56797225451894,Judas
56797225025910,Judas
56797225091446,Judas
56797225156982,Judas
56797225222518,Judas
56797225288054,Judas
56797225353590,Judas
56797225419126,Judas
56797225484662,Judas
56799621513590,Einstein
56799621546358,Einstein
56799621579126,Einstein
56799621611894,Einstein
56799621644662,Einstein
56799621677430,Einstein
56799433654646,Einstein
56799433687414,Einstein
56799433720182,Einstein
56799433752950,Einstein
56799433785718,Einstein
56799433818486,Einstein
56799621710198,Einstein
56799621742966,Einstein
56799621775734,Einstein
56799621808502,Einstein
56799621841270,Einstein
56799621874038,Einstein
56799433851254,Einstein
56799433884022,Einstein
56799433916790,Einstein
56799433949558,Einstein
56799433982326,Einstein
56799434015094,Einstein
56799910658422,Einstein
56799910691190,Einstein
56799910723958,Einstein
56799910756726,Einstein
56799910789494,Einstein
56799908331894,Einstein
56799908364662,Einstein
56799908397430,Einstein
56799908430198,Einstein
56799908462966,Einstein
56799910822262,Einstein
56799910855030,Einstein
56799910887798,Einstein
56799910920566,Einstein
56799910953334,Einstein
56799908495734,Einstein
56799908528502,Einstein
56799908561270,Einstein
56799908594038,Einstein
56799908626806,Einstein
56799992152438,Einstein
56799992185206,Einstein
56799992217974,Einstein
56799992250742,Einstein
56799992283510,Einstein
56799977341302,Einstein
56799977374070,Einstein
56799977406838,Einstein
56799977439606,Einstein
56799977472374,Einstein
56799992316278,Einstein
56799992349046,Einstein
56799992381814,Einstein
56799992414582,Einstein
56799992447350,Einstein
56799977505142,Einstein
56799977537910,Einstein
56799977570678,Einstein
56799977603446,Einstein
56799977636214,Einstein
56818696126838,Julius Caesar
56818696159606,Julius Caesar
56818696192374,Julius Caesar
56818696225142,Julius Caesar
56818696257910,Julius Caesar
56818696290678,Julius Caesar
56818696323446,Julius Caesar
56818696356214,Julius Caesar
56818663588214,Julius Caesar
56818663620982,Julius Caesar
56818663653750,Julius Caesar
56818663686518,Julius Caesar
56818663719286,Julius Caesar
56818663752054,Julius Caesar
56818663784822,Julius Caesar
56818663817590,Julius Caesar
56818907545974,Julius Caesar
56818907578742,Julius Caesar
56818907611510,Julius Caesar
56818907644278,Julius Caesar
56818907677046,Julius Caesar
56818907709814,Julius Caesar
56818907742582,Julius Caesar
56818907775350,Julius Caesar
56818907808118,Julius Caesar
56818907840886,Julius Caesar
56818907873654,Julius Caesar
56818907906422,Julius Caesar
56818907939190,Julius Caesar
56818907971958,Julius Caesar
56818908004726,Julius Caesar
56818908037494,Julius Caesar
56819055591798,Julius Caesar
56819055624566,Julius Caesar
56819055657334,Julius Caesar
56819055690102,Julius Caesar
56819055722870,Julius Caesar
56819055755638,Julius Caesar
56819055788406,Julius Caesar
56819055821174,Julius Caesar
56819055853942,Julius Caesar
56819055886710,Julius Caesar
56819135775094,Julius Caesar
56819135807862,Julius Caesar
56819135840630,Julius Caesar
56819135873398,Julius Caesar
56819135906166,Julius Caesar
56819143836022,Julius Caesar
56819143868790,Julius Caesar
56819143901558,Julius Caesar
56819143934326,Julius Caesar
56819143967094,Julius Caesar
56820903051638,Gift card
56820903084406,Gift card
56820903117174,Gift card
56834074444150,Julius Caesar
56834074411382,Julius Caesar
56834130051446,Julius Caesar
56834130018678,Julius Caesar
56834130116982,Julius Caesar
56834130084214,Julius Caesar
56834130182518,Julius Caesar
56834130149750,Julius Caesar
56834490466678,Chimsky
56834490499446,Chimsky
56834490532214,Chimsky
56834490564982,Chimsky
56834490597750,Chimsky
56834490630518,Chimsky
56834490663286,Chimsky
56834490696054,Chimsky
56834490204534,Chimsky
56834490237302,Chimsky
56834490270070,Chimsky
56834490302838,Chimsky
56834490335606,Chimsky
56834490368374,Chimsky
56834490401142,Chimsky
56834490433910,Chimsky
56834482012534,Chimsky
56834482045302,Chimsky
56834482078070,Chimsky
56834482110838,Chimsky
56834482143606,Chimsky
56834482176374,Chimsky
56834482209142,Chimsky
56834482241910,Chimsky
56834490990966,Chimsky
56834491023734,Chimsky
56834491056502,Chimsky
56834491089270,Chimsky
56834491122038,Chimsky
56834491154806,Chimsky
56834491187574,Chimsky
56834491220342,Chimsky
56834490728822,Chimsky
56834490761590,Chimsky
56834490794358,Chimsky
56834490827126,Chimsky
56834490859894,Chimsky
56834490892662,Chimsky
56834490925430,Chimsky
56834490958198,Chimsky
56834482274678,Chimsky
56834482307446,Chimsky
56834482340214,Chimsky
56834482372982,Chimsky
56834482405750,Chimsky
56834482438518,Chimsky
56834482471286,Chimsky
56834482504054,Chimsky
56835743908214,Chimsky
56835743940982,Chimsky
56835743973750,Chimsky
56835744006518,Chimsky
56835744039286,Chimsky
56835744072054,Chimsky
56835744104822,Chimsky
56835744137590,Chimsky
56835743646070,Chimsky
56835743678838,Chimsky
56835743711606,Chimsky
56835743744374,Chimsky
56835743777142,Chimsky
56835743809910,Chimsky
56835743842678,Chimsky
56835743875446,Chimsky
56835678798198,Chimsky
56835678830966,Chimsky
56835678863734,Chimsky
56835678896502,Chimsky
56835678929270,Chimsky
56835678962038,Chimsky
56835678994806,Chimsky
56835679027574,Chimsky
56835744432502,Chimsky
56835744465270,Chimsky
56835744498038,Chimsky
56835744530806,Chimsky
56835744563574,Chimsky
56835744596342,Chimsky
56835744629110,Chimsky
56835744661878,Chimsky
56835744170358,Chimsky
56835744203126,Chimsky
56835744235894,Chimsky
56835744268662,Chimsky
56835744301430,Chimsky
56835744334198,Chimsky
56835744366966,Chimsky
56835744399734,Chimsky
56835679060342,Chimsky
56835679093110,Chimsky
56835679125878,Chimsky
56835679158646,Chimsky
56835679191414,Chimsky
56835679224182,Chimsky
56835679256950,Chimsky
56835679289718,Chimsky
56844355338614,Chimsky
56844355404150,Chimsky
56844355469686,Chimsky
56844355535222,Chimsky
56844355600758,Chimsky
56844355305846,Chimsky
56844355371382,Chimsky
56844355436918,Chimsky
56844355502454,Chimsky
56844355567990,Chimsky
56844319195510,Chimsky
56844319228278,Chimsky
56844319261046,Chimsky
56844319293814,Chimsky
56844319326582,Chimsky
56844355666294,Chimsky
56844355731830,Chimsky
56844355797366,Chimsky
56844355862902,Chimsky
56844355928438,Chimsky
56844355633526,Chimsky
56844355699062,Chimsky
56844355764598,Chimsky
56844355830134,Chimsky
56844355895670,Chimsky
56844319359350,Chimsky
56844319392118,Chimsky
56844319424886,Chimsky
56844319457654,Chimsky
56844319490422,Chimsky
56844802720118,Chimsky
56844802752886,Chimsky
56844802785654,Chimsky
56844802818422,Chimsky
56844802851190,Chimsky
56844808814966,Chimsky
56844808847734,Chimsky
56844808880502,Chimsky
56844808913270,Chimsky
56844808946038,Chimsky
56844808978806,Chimsky
56844809011574,Chimsky
56844809044342,Chimsky
56844809077110,Chimsky
56844809109878,Chimsky
56844802883958,Chimsky
56844802916726,Chimsky
56844802949494,Chimsky
56844802982262,Chimsky
56844803015030,Chimsky
56844809142646,Chimsky
56844809175414,Chimsky
56844809208182,Chimsky
56844809240950,Chimsky
56844809273718,Chimsky
56844809306486,Chimsky
56844809339254,Chimsky
56844809372022,Chimsky
56844809404790,Chimsky
56844809437558,Chimsky
56886163505526,Chomsky
56886163538294,Chomsky
56886163571062,Chomsky
56886163603830,Chomsky
56886163636598,Chomsky
56886163669366,Chomsky
56886163702134,Chomsky
56886163734902,Chomsky
56886159114614,Chomsky
56886159147382,Chomsky
56886159180150,Chomsky
56886159212918,Chomsky
56886159245686,Chomsky
56886159278454,Chomsky
56886159311222,Chomsky
56886159343990,Chomsky
56886544138614,Chomsky
56886544171382,Chomsky
56886544204150,Chomsky
56886544236918,Chomsky
56886544269686,Chomsky
56886544302454,Chomsky
56886544335222,Chomsky
56886544367990,Chomsky
56886451700086,Chomsky
56886451732854,Chomsky
56886451765622,Chomsky
56886451798390,Chomsky
56886451831158,Chomsky
56886451863926,Chomsky
56886451896694,Chomsky
56886451929462,Chomsky
56887155229046,Chomsky
56887155261814,Chomsky
56887155294582,Chomsky
56887155327350,Chomsky
56887155360118,Chomsky
56887174463862,Chomsky
56887174496630,Chomsky
56887174529398,Chomsky
56887174562166,Chomsky
56887174594934,Chomsky
56887692788086,Chomsky
56887692820854,Chomsky
56887692853622,Chomsky
56887692886390,Chomsky
56887692919158,Chomsky
56887701799286,Chomsky
56887701832054,Chomsky
56887701864822,Chomsky
56887701897590,Chomsky
56887701930358,Chomsky
56887774577014,Chomsky
56887774609782,Chomsky
56887834575222,Chomsky
56887844274550,Chomsky
56887834542454,Chomsky
56887844241782,Chomsky
56887844372854,Chomsky
56887844405622,Chomsky
56887844307318,Chomsky
56887844340086,Chomsky
56888670519670,Chomsky
56888670552438,Chomsky
56888670585206,Chomsky
56888670617974,Chomsky
56888670650742,Chomsky
56888670683510,Chomsky
56888670716278,Chomsky
56888670749046,Chomsky
56888896651638,Chomsky
56888896684406,Chomsky
56888896717174,Chomsky
56888896749942,Chomsky
56888896782710,Chomsky
56888896815478,Chomsky
56888896848246,Chomsky
56888896881014,Chomsky
56888670781814,Chomsky
56888670814582,Chomsky
56888670847350,Chomsky
56888670880118,Chomsky
56888670912886,Chomsky
56888670945654,Chomsky
56888670978422,Chomsky
56888671011190,Chomsky
56888896913782,Chomsky
56888896946550,Chomsky
56888896979318,Chomsky
56888897012086,Chomsky
56888897044854,Chomsky
56888897077622,Chomsky
56888897110390,Chomsky
56888897143158,Chomsky
56895203967350,Chomsky
56895204000118,Chomsky
56895204032886,Chomsky
56895204065654,Chomsky
56895204098422,Chomsky
56895204131190,Chomsky
56895204163958,Chomsky
56895204196726,Chomsky
56895250366838,Chomsky
56895250399606,Chomsky
56895250432374,Chomsky
56895250465142,Chomsky
56895250497910,Chomsky
56895250530678,Chomsky
56895250563446,Chomsky
56895250596214,Chomsky
56895204229494,Chomsky
56895204262262,Chomsky
56895204295030,Chomsky
56895204327798,Chomsky
56895204360566,Chomsky
56895204393334,Chomsky
56895204426102,Chomsky
56895204458870,Chomsky
56895250628982,Chomsky
56895250661750,Chomsky
56895250694518,Chomsky
56895250727286,Chomsky
56895250760054,Chomsky
56895250792822,Chomsky
56895250825590,Chomsky
56895250858358,Chomsky
56895407882614,Chomsky
56895407915382,Chomsky
56895407948150,Chomsky
56895407980918,Chomsky
56895408013686,Chomsky
56895442387318,Chomsky
56895442420086,Chomsky
56895442452854,Chomsky
56895442485622,Chomsky
56895442518390,Chomsky
56895408046454,Chomsky
56895408079222,Chomsky
56895408111990,Chomsky
56895408144758,Chomsky
56895408177526,Chomsky
56895442551158,Chomsky
56895442583926,Chomsky
56895442616694,Chomsky
56895442649462,Chomsky
56895442682230,Chomsky
56895565726070,Chomsky
56895565758838,Chomsky
56895565791606,Chomsky
56895565824374,Chomsky
56895565857142,Chomsky
56895590465910,Chomsky
56895590498678,Chomsky
56895590531446,Chomsky
56895590564214,Chomsky
56895590596982,Chomsky
56895565889910,Chomsky
56895565922678,Chomsky
56895565955446,Chomsky
56895565988214,Chomsky
56895566020982,Chomsky
56895590629750,Chomsky
56895590662518,Chomsky
56895590695286,Chomsky
56895590728054,Chomsky
56895590760822,Chomsky
56895657738614,Chomsky
56895657705846,Chomsky
56895665275254,Chomsky
56895665242486,Chomsky
56895665340790,Chomsky
56895665308022,Chomsky
56895665406326,Chomsky
56895665373558,Chomsky
56895665471862,Chomsky
56895665439094,Chomsky
56895665537398,Chomsky
56895665504630,Chomsky
56913963680118,Einstein
56913963712886,Einstein
56913963745654,Einstein
56913963778422,Einstein
56913963811190,Einstein
56913963843958,Einstein
56913963876726,Einstein
56913963909494,Einstein
56913963942262,Einstein
56913963975030,Einstein
56913964007798,Einstein
56913964040566,Einstein
56913964073334,Einstein
56913964106102,Einstein
56913964138870,Einstein
56913964171638,Einstein
56914023416182,Einstein
56914023448950,Einstein
56914023481718,Einstein
56914023514486,Einstein
56914023547254,Einstein
56914023580022,Einstein
56914023612790,Einstein
56914023645558,Einstein
56914023678326,Einstein
56914023711094,Einstein
56914059526518,Einstein
56914059559286,Einstein
56914059592054,Einstein
56914059624822,Einstein
56914059657590,Einstein
56914059690358,Einstein
56914059723126,Einstein
56914059755894,Einstein
56914059788662,Einstein
56914059821430,Einstein
56915150176630,Stalin
56915150209398,Stalin
56915150242166,Stalin
56915150274934,Stalin
56915150307702,Stalin
56915150340470,Stalin
56915150373238,Stalin
56915150406006,Stalin
56915119669622,Stalin
56915119702390,Stalin
56915119735158,Stalin
56915119767926,Stalin
56915119800694,Stalin
56915119833462,Stalin
56915119866230,Stalin
56915119898998,Stalin
56915149914486,Stalin
56915149947254,Stalin
56915149980022,Stalin
56915150012790,Stalin
56915150045558,Stalin
56915150078326,Stalin
56915150111094,Stalin
56915150143862,Stalin
56920765071734,Stalin
56920765137270,Stalin
56920765202806,Stalin
56920765268342,Stalin
56920765333878,Stalin
56920765399414,Stalin
56920765464950,Stalin
56920765530486,Stalin
56920765038966,Stalin
56920765104502,Stalin
56920765170038,Stalin
56920765235574,Stalin
56920765301110,Stalin
56920765366646,Stalin
56920765432182,Stalin
56920765497718,Stalin
56920754946422,Stalin
56920754979190,Stalin
56920755011958,Stalin
56920755044726,Stalin
56920755077494,Stalin
56920755110262,Stalin
56920755143030,Stalin
56920755175798,Stalin
56920956404086,Stalin
56920956436854,Stalin
56920956469622,Stalin
56920956502390,Stalin
56920956535158,Stalin
56920956240246,Stalin
56920956273014,Stalin
56920956305782,Stalin
56920956338550,Stalin
56920956371318,Stalin
56920943559030,Stalin
56920943591798,Stalin
56920943624566,Stalin
56920943657334,Stalin
56920943690102,Stalin
56921774063990,Stalin
56921774096758,Stalin
56921774129526,Stalin
56921774162294,Stalin
56921774195062,Stalin
56921796837750,Stalin
56921796903286,Stalin
56921796968822,Stalin
56921797034358,Stalin
56921797099894,Stalin
56921796804982,Stalin
56921796870518,Stalin
56921796936054,Stalin
56921797001590,Stalin
56921797067126,Stalin
56963600843126,Stalin
56963600875894,Stalin
56963600908662,Stalin
56963600941430,Stalin
56963600974198,Stalin
56963601006966,Stalin
56963601039734,Stalin
56963601072502,Stalin
56935413580150,Stalin
56935413645686,Stalin
56935413711222,Stalin
56935413776758,Stalin
56935413842294,Stalin
56935413907830,Stalin
56935413973366,Stalin
56935414038902,Stalin
56963601105270,Stalin
56963601138038,Stalin
56963601170806,Stalin
56963601203574,Stalin
56963601236342,Stalin
56963601269110,Stalin
56963601301878,Stalin
56963601334646,Stalin
56935414104438,Stalin
56935414169974,Stalin
56935414235510,Stalin
56935414301046,Stalin
56935414366582,Stalin
56935414432118,Stalin
56935414497654,Stalin
56935414563190,Stalin
56963601367414,Stalin
56963601400182,Stalin
56963601432950,Stalin
56963601465718,Stalin
56963601498486,Stalin
56963601531254,Stalin
56963601564022,Stalin
56963601596790,Stalin
56935414661494,Stalin
56935414759798,Stalin
56935414858102,Stalin
56935414956406,Stalin
56935415054710,Stalin
56935415153014,Stalin
56935415251318,Stalin
56935415349622,Stalin
56938801627510,Judas
56938801660278,Judas
56938801693046,Judas
56938801725814,Judas
56938801758582,Judas
56938801791350,Judas
56938873848182,Judas
56938873880950,Judas
56938873913718,Judas
56938873946486,Judas
56938873979254,Judas
56938874012022,Judas
56938874044790,Judas
56938874077558,Judas
56938874110326,Judas
56938874143094,Judas
56938874175862,Judas
56938874208630,Judas
56938874241398,Judas
56938874274166,Judas
56938874306934,Judas
56938874339702,Judas
56938874372470,Judas
56938874405238,Judas
56938801430902,Judas
56938801463670,Judas
56938801496438,Judas
56938801529206,Judas
56938801561974,Judas
56938801594742,Judas
56938874438006,Judas
56938874470774,Judas
56938874503542,Judas
56938874536310,Judas
56938874569078,Judas
56938874601846,Judas
56938874634614,Judas
56938874667382,Judas
56938874700150,Judas
56938874732918,Judas
56938874765686,Judas
56938874798454,Judas
56938874831222,Judas
56938874863990,Judas
56938874896758,Judas
56938874929526,Judas
56938874962294,Judas
56938874995062,Judas
56938801824118,Judas
56938801856886,Judas
56938801889654,Judas
56938801922422,Judas
56938801955190,Judas
56938801987958,Judas
56938875027830,Judas
56938875060598,Judas
56938875093366,Judas
56938875126134,Judas
56938875158902,Judas
56938875191670,Judas
56938875224438,Judas
56938875257206,Judas
56938875289974,Judas
56938875322742,Judas
56938875355510,Judas
56938875388278,Judas
56938875421046,Judas
56938875453814,Judas
56938875486582,Judas
56938875519350,Judas
56938875552118,Judas
56938875584886,Judas
56944066724214,Judas
56944463380854,Judas
56944495427958,Judas
56944066756982,Judas
56944463446390,Judas
56944495460726,Judas
56944066789750,Judas
56944463511926,Judas
56944495493494,Judas
56944066822518,Judas
56944463577462,Judas
56944495526262,Judas
56944066855286,Judas
56944463642998,Judas
56944495559030,Judas
56944066888054,Judas
56944463708534,Judas
56944495591798,Judas
56944066920822,Judas
56944463774070,Judas
56944495624566,Judas
56944066953590,Judas
56944463839606,Judas
56944495657334,Judas
56944066986358,Judas
56944463905142,Judas
56944495690102,Judas
56944067019126,Judas
56944463970678,Judas
56944495722870,Judas
56944067051894,Judas
56944464036214,Judas
56944495755638,Judas
56944067084662,Judas
56944464101750,Judas
56944495788406,Judas
56944067117430,Judas
56944464167286,Judas
56944495821174,Judas
56944067150198,Judas
56944464232822,Judas
56944495853942,Judas
56944067182966,Judas
56944464298358,Judas
56944495886710,Judas
56944067215734,Judas
56944464363894,Judas
56944495919478,Judas
56944067248502,Judas
56944464429430,Judas
56944495952246,Judas
56944067281270,Judas
56944464494966,Judas
56944495985014,Judas
56944067314038,Judas
56944464560502,Judas
56944496017782,Judas
56944067346806,Judas
56944464626038,Judas
56944496050550,Judas
56944067379574,Judas
56944464691574,Judas
56944496083318,Judas
56944067412342,Judas
56944464757110,Judas
56944496116086,Judas
56944067445110,Judas
56944464822646,Judas
56944496148854,Judas
56944067477878,Judas
56944464888182,Judas
56944496181622,Judas
56944067510646,Judas
56944464953718,Judas
56944496214390,Judas
56944067543414,Judas
56944465019254,Judas
56944496247158,Judas
56944067576182,Judas
56944465084790,Judas
56944496279926,Judas
56944067608950,Judas
56944465150326,Judas
56944496312694,Judas
56945210556790,Judas
56945210589558,Judas
56945210622326,Judas
56945210655094,Judas
56945210687862,Judas
56945325638006,Judas
56945325670774,Judas
56945325703542,Judas
56945325736310,Judas
56945325769078,Judas
56945267212662,Judas
56945267245430,Judas
56945267278198,Judas
56945267310966,Judas
56945267343734,Judas
56945267376502,Judas
56945267409270,Judas
56945267442038,Judas
56945267474806,Judas
56945267507574,Judas
56945210720630,Judas
56945210753398,Judas
56945210786166,Judas
56945210818934,Judas
56945210851702,Judas
56945325801846,Judas
56945325834614,Judas
56945325867382,Judas
56945325900150,Judas
56945325932918,Judas
56945267540342,Judas
56945267573110,Judas
56945267605878,Judas
56945267638646,Judas
56945267671414,Judas
56945267704182,Judas
56945267736950,Judas
56945267769718,Judas
56945267802486,Judas
56945267835254,Judas
56948065829238,Judas
56948065862006,Judas
56948065894774,Judas
56948065927542,Judas
56948065960310,Judas
56948074971510,Judas
56948075069814,Judas
56948075168118,Judas
56948075266422,Judas
56948075364726,Judas
56948075004278,Judas
56948075102582,Judas
56948075200886,Judas
56948075299190,Judas
56948075397494,Judas
56948075037046,Judas
56948075135350,Judas
56948075233654,Judas
56948075331958,Judas
56948075430262,Judas
56948065993078,Judas
56948066025846,Judas
56948066058614,Judas
56948066091382,Judas
56948066124150,Judas
56948075463030,Judas
56948075561334,Judas
56948075659638,Judas
56948075757942,Judas
56948075856246,Judas
56948075495798,Judas
56948075594102,Judas
56948075692406,Judas
56948075790710,Judas
56948075889014,Judas
56948075528566,Judas
56948075626870,Judas
56948075725174,Judas
56948075823478,Judas
56948075921782,Judas
56969840099702,Stalin
56969840132470,Stalin
56969840165238,Stalin
56969840198006,Stalin
56969840230774,Stalin
56969840263542,Stalin
56969840296310,Stalin
56969840329078,Stalin
56969843114358,Stalin
56969843147126,Stalin
56969843179894,Stalin
56969843212662,Stalin
56969843245430,Stalin
56969843278198,Stalin
56969843310966,Stalin
56969843343734,Stalin
56969840361846,Stalin
56969840394614,Stalin
56969840427382,Stalin
56969840460150,Stalin
56969840492918,Stalin
56969843376502,Stalin
56969843409270,Stalin
56969843442038,Stalin
56969843474806,Stalin
56969843507574,Stalin
56969840525686,Stalin
56969840558454,Stalin
56969840591222,Stalin
56969840623990,Stalin
56969840656758,Stalin
56969840689526,Stalin
56969840722294,Stalin
56969840755062,Stalin
56969843540342,Stalin
56969843573110,Stalin
56969843605878,Stalin
56969843638646,Stalin
56969843671414,Stalin
56969843704182,Stalin
56969843736950,Stalin
56969843769718,Stalin
56970209100150,Stalin
56970209132918,Stalin
56970209165686,Stalin
56970209198454,Stalin
56970209231222,Stalin
56970218209654,Stalin
56970218242422,Stalin
56970218275190,Stalin
56970218307958,Stalin
56970218340726,Stalin
56970209263990,Stalin
56970209296758,Stalin
56970209329526,Stalin
56970209362294,Stalin
56970209395062,Stalin
56970218373494,Stalin
56970218406262,Stalin
56970218439030,Stalin
56970218471798,Stalin
56970218504566,Stalin
56970209427830,Stalin
56970209460598,Stalin
56970209493366,Stalin
56970209526134,Stalin
56970209558902,Stalin
56970218537334,Stalin
56970218570102,Stalin
56970218602870,Stalin
56970218635638,Stalin
56970218668406,Stalin
